Div,Date,Time,HomeTeam,AwayTeam,FTHG,FTAG,FTR,HTHG,HTAG,HTR,HS,AS,HST,AST,HF,AF,HC,AC,HY,AY,HR,AR,B365H,B365D,B365A,BWH,BWD,BWA,IWH,IWD,IWA,PSH,PSD,PSA,WHH,WHD,WHA,VCH,VCD,VCA,MaxH,MaxD,MaxA,AvgH,AvgD,AvgA,B365>2.5,B365<2.5,P>2.5,P<2.5,Max>2.5,Max<2.5,Avg>2.5,Avg<2.5,AHh,B365AHH,B365AHA,PAHH,PAHA,MaxAHH,MaxAHA,AvgAHH,AvgAHA,B365CH,B365CD,B365CA,BWCH,BWCD,BWCA,IWCH,IWCD,IWCA,PSCH,PSCD,PSCA,WHCH,WHCD,WHCA,VCCH,VCCD,VCCA,MaxCH,MaxCD,MaxCA,AvgCH,AvgCD,AvgCA,B365C>2.5,B365C<2.5,PC>2.5,PC<2.5,MaxC>2.5,MaxC<2.5,AvgC>2.5,AvgC<2.5,AHCh,B365CAHH,B365CAHA,PCAHH,PCAHA,MaxCAHH,MaxCAHA,AvgCAHH,AvgCAHA
SP1,12/09/2020,15:00,Eibar,Celta,0,0,D,0,0,D,8,6,1,3,17,13,3,3,4,4,1,0,2.5,3.25,2.9,2.45,3.2,3,2.55,2.9,2.95,2.6,3.22,3.01,2.55,3.1,3,2.5,3.2,2.9,2.66,3.27,3.13,2.53,3.16,2.97,2.3,1.61,2.41,1.63,2.46,1.7,2.31,1.61,0,1.81,2.09,1.81,2.11,1.86,2.17,1.78,2.1,2.62,3.1,2.8,2.75,3,2.8,2.75,2.8,2.8,2.87,3.07,2.87,2.75,3,2.8,2.7,3.1,2.75,2.87,3.2,3,2.75,3.01,2.83,2.5,1.53,2.67,1.53,2.74,1.57,2.54,1.51,0,1.94,1.96,1.96,1.96,1.98,2.01,1.92,1.96
SP1,12/09/2020,17:30,Granada,Ath Bilbao,2,0,H,0,0,D,4,9,2,2,8,10,1,2,3,4,0,0,2.75,3.1,2.75,2.85,3.1,2.65,2.85,2.7,2.75,2.92,3.02,2.82,2.8,3,2.75,2.8,3.1,2.7,2.92,3.22,2.89,2.82,3,2.75,2.5,1.53,2.74,1.51,2.77,1.56,2.61,1.49,0,1.97,1.93,1.99,1.92,2,1.99,1.95,1.92,2.5,2.9,3.2,2.75,2.8,3,2.7,2.55,3.1,2.67,2.91,3.3,2.55,2.9,3.2,2.55,2.9,3.13,2.85,3.08,3.38,2.65,2.86,3.12,3.2,1.36,3.13,1.4,3.2,1.45,2.99,1.38,0,1.74,2.19,1.77,2.2,1.93,2.23,1.78,2.11
SP1,12/09/2020,20:00,Cadiz,Osasuna,0,2,A,0,1,A,12,6,3,4,14,21,6,2,2,2,0,0,2.8,3,2.75,2.75,3,2.8,2.8,2.7,2.8,2.87,3.04,2.86,2.8,2.9,2.88,2.8,2.9,2.8,2.93,3.08,2.97,2.8,2.95,2.82,2.75,1.44,2.84,1.48,2.91,1.53,2.7,1.46,0,1.94,1.96,1.95,1.95,1.99,2,1.92,1.94,3.2,2.9,2.5,3,2.8,2.75,3.15,2.55,2.7,3.41,2.9,2.61,3.2,2.8,2.6,3.2,2.8,2.6,3.42,2.97,2.76,3.21,2.81,2.63,3.2,1.36,3.3,1.37,3.32,1.43,3.08,1.36,0.25,1.72,2.07,1.79,2.17,1.81,2.25,1.74,2.17
SP1,13/09/2020,13:00,Alaves,Betis,0,1,A,0,0,D,7,11,2,4,19,17,6,4,3,3,0,0,2.8,3.2,2.6,2.95,3,2.65,2.85,2.95,2.6,2.88,3.32,2.64,2.8,3.2,2.62,2.8,3.25,2.55,2.99,3.35,2.76,2.83,3.21,2.59,2.2,1.66,2.23,1.72,2.28,1.77,2.18,1.68,0,2.04,1.86,2.04,1.87,2.06,1.94,2.01,1.85,3.3,3.1,2.35,3.4,3.2,2.25,3.3,2.8,2.4,3.57,3.13,2.37,3.4,3.1,2.3,3.25,3.2,2.3,3.57,3.3,2.47,3.35,3.1,2.35,2.37,1.57,2.43,1.62,2.49,1.69,2.33,1.61,0.25,1.93,1.97,1.93,2,1.95,2.05,1.88,1.99
SP1,13/09/2020,15:00,Valladolid,Sociedad,1,1,D,1,0,H,8,8,3,2,15,17,5,3,4,1,0,0,2.8,3.2,2.6,2.8,3.2,2.6,2.9,2.95,2.55,2.98,3.3,2.57,2.9,3.2,2.55,2.8,3.2,2.55,3.04,3.38,2.65,2.88,3.2,2.55,2.3,1.61,2.34,1.66,2.39,1.73,2.25,1.65,0,2.07,1.83,2.11,1.82,2.13,1.89,2.05,1.82,3,3,2.55,3,3,2.6,3.05,2.6,2.75,3.19,2.92,2.74,3,3,2.62,2.9,2.9,2.7,3.24,3.13,2.8,3.04,2.88,2.69,3.2,1.36,3.02,1.42,3.2,1.45,2.9,1.4,0,2.07,1.83,2.13,1.82,2.13,1.88,2.06,1.82
SP1,13/09/2020,17:30,Villarreal,Huesca,1,1,D,0,1,A,15,10,4,3,10,22,6,6,1,1,0,0,1.57,4,6,1.57,4,6,1.6,3.75,6,1.57,4.21,6.36,1.55,4,6.5,1.55,4.1,5.75,1.6,4.3,6.5,1.57,4.1,5.92,1.9,1.9,1.85,2.05,1.92,2.07,1.84,1.97,-1,2.02,1.88,2.04,1.87,2.07,1.92,1.99,1.87,1.5,4.33,6.5,1.53,4.2,6.25,1.55,4,6.5,1.56,4.33,6.58,1.52,4.2,6.5,1.53,4.2,6,1.59,4.5,6.95,1.54,4.23,6.26,1.9,1.9,1.88,2.03,1.94,2.15,1.84,1.97,-1,1.95,1.95,1.94,1.98,2,1.99,1.93,1.94
SP1,13/09/2020,20:00,Valencia,Levante,4,2,H,2,2,D,14,19,8,8,9,14,3,4,1,3,0,0,2.1,3.5,3.5,2.05,3.6,3.5,2.15,3.15,3.5,2.14,3.48,3.66,2.05,3.5,3.6,2.05,3.5,3.5,2.16,3.7,3.72,2.1,3.46,3.53,1.8,2,1.85,2.05,1.9,2.1,1.81,2,-0.25,1.83,2.07,1.84,2.08,1.85,2.14,1.81,2.06,2.45,3.3,2.9,2.35,3.3,3.1,2.4,3,3.1,2.46,3.33,3.18,2.4,3.25,3.1,2.4,3.3,3,2.51,3.45,3.22,2.41,3.27,3.07,2,1.8,2.1,1.81,2.16,1.92,2.03,1.8,-0.25,2.09,1.81,2.1,1.84,2.18,1.85,2.08,1.81
SP1,19/09/2020,15:00,Villarreal,Eibar,2,1,H,0,0,D,14,12,8,4,5,12,4,3,1,1,0,0,1.57,4,6,1.6,4.1,5.5,1.63,3.8,5.75,1.61,4.12,5.93,1.6,3.9,6,1.57,4.1,5.75,1.65,4.2,6.5,1.6,4.05,5.72,1.9,1.9,1.92,1.98,1.97,2.02,1.87,1.94,-1,2.02,1.77,2.09,1.83,2.13,1.87,2.05,1.81,1.66,3.8,5.25,1.65,3.8,5.5,1.7,3.4,5.75,1.69,3.83,5.81,1.67,3.6,5.8,1.67,3.7,5.5,1.73,3.88,6.2,1.68,3.7,5.57,2.3,1.61,2.3,1.68,2.36,1.78,2.22,1.67,-0.75,1.91,2.02,1.92,2.01,1.93,2.09,1.88,1.99
SP1,19/09/2020,17:30,Getafe,Osasuna,1,0,H,0,0,D,7,10,1,3,19,13,4,1,4,2,0,0,1.95,3.25,4.33,1.91,3.25,4.5,2,2.95,4.5,2.02,3.24,4.4,2,3.1,4.4,1.95,3.2,4.4,2.06,3.32,4.6,1.99,3.18,4.36,2.75,1.44,2.85,1.47,2.91,1.52,2.72,1.45,-0.5,2.01,1.92,2.02,1.9,2.02,1.94,1.98,1.88,1.9,3.3,4.33,1.95,3.2,4.4,2.05,2.85,4.6,2.02,3.19,4.64,1.91,3.2,4.6,1.95,3,4.75,2.07,3.39,5.05,1.99,3.1,4.54,3.2,1.36,3.12,1.4,3.22,1.44,3.02,1.38,-0.5,2.03,1.9,2.02,1.9,2.08,1.91,2,1.87
SP1,19/09/2020,20:00,Celta,Valencia,2,1,H,1,0,H,23,9,6,3,12,13,6,6,3,1,0,0,2.2,3.6,3.1,2.25,3.5,3.1,2.25,3.25,3.15,2.25,3.58,3.22,2.25,3.4,3.2,2.25,3.4,3.2,2.34,3.7,3.35,2.24,3.5,3.17,2,1.8,2.08,1.82,2.12,1.88,2.02,1.8,-0.25,1.97,1.96,1.97,1.95,2.02,1.99,1.95,1.93,2.1,3.5,3.4,2.05,3.4,3.75,2.25,3.1,3.4,2.2,3.35,3.71,2.15,3.4,3.4,2.2,3.3,3.4,2.25,3.59,3.77,2.16,3.36,3.52,2.2,1.66,2.28,1.69,2.31,1.81,2.13,1.72,-0.25,1.87,2.06,1.88,2.05,1.92,2.1,1.85,2.02
SP1,20/09/2020,15:00,Huesca,Cadiz,0,2,A,0,1,A,4,6,0,4,18,23,2,1,3,3,0,0,2.1,3.1,4,2.15,3,4,2.2,2.8,3.9,2.21,2.99,4.07,2.15,3,3.9,2.1,3.1,3.8,2.25,3.2,4.1,2.17,3.01,3.92,2.62,1.5,2.78,1.49,2.88,1.53,2.67,1.47,-0.25,1.83,2.07,1.85,2.06,1.9,2.12,1.83,2.04,1.9,3,4.75,2,3,4.6,1.97,2.8,4.8,2,3.05,5.16,2,3,4.75,1.95,3,4.8,2.1,3.11,5.16,1.99,2.98,4.75,3.2,1.36,3.09,1.41,3.2,1.43,3.01,1.38,-0.5,2,1.93,2,1.93,2.05,1.94,2,1.87
SP1,20/09/2020,17:30,Betis,Valladolid,2,0,H,2,0,H,16,9,6,2,18,10,5,3,3,0,0,0,1.85,3.6,4.33,1.83,3.6,4.4,1.9,3.25,4.4,1.87,3.63,4.52,1.85,3.5,4.5,1.85,3.6,4.2,1.94,3.68,4.8,1.87,3.52,4.38,2.1,1.72,2.19,1.74,2.23,1.8,2.11,1.73,-0.5,1.89,2.01,1.87,2.05,1.94,2.05,1.87,1.99,1.8,3.6,4.75,1.72,3.6,5.25,1.9,3.15,4.6,1.89,3.48,4.8,1.83,3.4,4.75,1.85,3.4,4.5,1.93,3.75,5.5,1.85,3.45,4.68,2.37,1.57,2.42,1.62,2.46,1.7,2.34,1.6,-0.5,1.91,2.02,1.89,2.04,1.93,2.07,1.87,2.01
SP1,20/09/2020,17:30,Granada,Alaves,2,1,H,1,1,D,10,5,3,3,9,12,4,4,0,3,0,0,2.05,3.1,4.2,2.05,3.1,4.2,2.1,2.85,4.2,2.1,3.08,4.3,2.05,3.1,4.2,2.05,3.1,4,2.15,3.26,4.4,2.08,3.07,4.17,2.75,1.44,2.87,1.46,2.95,1.51,2.75,1.45,-0.5,2.08,1.82,2.1,1.82,2.15,1.86,2.07,1.8,2.15,3,3.75,2.05,3.1,4.2,2.35,2.65,3.7,2.27,2.91,4.18,2.25,2.9,3.8,2.3,2.9,3.6,2.4,3.1,4.25,2.26,2.89,3.87,3.2,1.36,3.17,1.39,3.22,1.42,3.05,1.37,-0.25,1.89,2.04,1.89,2.04,2,2.2,1.9,1.98
SP1,20/09/2020,20:00,Sociedad,Real Madrid,0,0,D,0,0,D,6,16,1,4,17,12,1,11,2,2,0,0,4.75,3.8,1.72,4.5,3.8,1.78,4.5,3.6,1.77,4.83,3.85,1.76,4.8,3.75,1.73,4.4,3.8,1.75,5.05,4,1.8,4.65,3.8,1.76,1.72,2.1,1.81,2.09,1.85,2.23,1.75,2.08,0.75,1.92,2.01,1.93,2,1.94,2.02,1.89,1.97,4.5,3.8,1.75,4.33,3.8,1.8,4.5,3.7,1.8,4.58,3.85,1.83,4.6,3.7,1.78,4.33,3.75,1.8,5,4.05,1.85,4.52,3.76,1.79,1.9,1.9,1.95,1.95,1.99,2.05,1.89,1.93,0.75,1.8,2,1.83,2.1,1.9,2.17,1.82,2.05
SP1,26/09/2020,12:00,Alaves,Getafe,0,0,D,0,0,D,9,11,0,4,13,13,1,5,2,2,0,0,3.5,2.9,2.37,3.4,2.85,2.45,3.5,2.65,2.5,3.58,2.83,2.5,3.5,2.8,2.45,3.3,2.9,2.45,3.62,2.91,2.54,3.49,2.82,2.45,3.2,1.36,3.13,1.4,3.2,1.42,3,1.38,0.25,1.82,2.08,1.84,2.08,1.86,2.11,1.81,2.05,3.5,2.8,2.45,3.5,2.85,2.4,3.55,2.55,2.5,3.65,2.8,2.56,3.6,2.75,2.45,3.4,2.8,2.5,3.75,2.86,2.62,3.55,2.76,2.47,3.4,1.33,3.4,1.35,3.4,1.38,3.21,1.34,0.25,1.81,2.09,1.83,2.12,1.87,2.14,1.81,2.07
SP1,26/09/2020,15:00,Valencia,Huesca,1,1,D,1,0,H,5,17,2,4,14,20,4,4,0,1,0,0,2,3.4,4,2.05,3.3,3.9,2.1,3.15,3.7,2.1,3.4,3.82,2.05,3.3,3.9,2,3.4,3.8,2.13,3.54,4,2.05,3.36,3.79,2.1,1.72,2.06,1.84,2.14,1.85,2.04,1.77,-0.5,2.05,1.85,2.1,1.83,2.11,1.88,2.06,1.81,2.15,3.4,3.4,2.1,3.4,3.6,2.1,3.3,3.7,2.32,3.38,3.38,2.15,3.25,3.6,2.1,3.4,3.5,2.32,3.5,3.94,2.15,3.33,3.54,2.1,1.72,2.14,1.78,2.16,1.83,2.07,1.75,-0.25,1.91,1.99,1.99,1.93,1.99,2.09,1.86,2.01
SP1,26/09/2020,17:30,Elche,Sociedad,0,3,A,0,0,D,5,27,2,7,11,12,2,11,3,1,0,0,4.2,3.3,1.95,4.33,3.3,1.95,4.3,3,2,4.28,3.45,1.97,4.2,3.3,1.95,4.2,3.25,1.95,4.5,3.46,2.04,4.2,3.31,1.96,2.5,1.53,2.53,1.57,2.57,1.6,2.48,1.53,0.5,1.92,1.98,1.95,1.97,1.95,2.04,1.9,1.96,6.5,3.8,1.55,7,3.6,1.6,6.75,3.45,1.6,6.65,3.98,1.6,7,3.7,1.57,6.5,3.75,1.57,7.24,4,1.65,6.51,3.74,1.59,2.5,1.53,2.36,1.65,2.53,1.65,2.41,1.57,0.75,2.14,1.77,2.17,1.77,2.25,1.95,2.12,1.77
SP1,26/09/2020,20:00,Betis,Real Madrid,2,3,A,2,1,H,15,11,5,4,9,10,8,3,5,2,1,0,4,4,1.8,4.2,3.7,1.85,4.2,3.55,1.85,4.17,3.94,1.85,4.2,3.75,1.83,4.2,3.8,1.8,4.45,4,1.89,4.16,3.8,1.84,1.72,2.1,1.8,2.11,1.84,2.21,1.74,2.09,0.5,2.06,1.84,2.06,1.85,2.09,1.87,2.03,1.83,4.5,4,1.7,4.4,4,1.75,4.6,3.9,1.75,4.71,3.85,1.81,4.75,4,1.7,4.75,3.9,1.7,4.97,4.25,1.81,4.62,3.94,1.73,1.8,2,1.81,2.09,1.85,2.16,1.76,2.06,0.75,1.87,2.03,1.87,2.07,2.05,2.07,1.91,1.96
SP1,27/09/2020,11:00,Osasuna,Levante,1,3,A,1,1,D,9,11,4,5,15,16,3,7,2,0,0,0,2.3,3.2,3.25,2.35,3.3,3.1,2.3,3.1,3.2,2.3,3.43,3.25,2.3,3.3,3.2,2.25,3.4,3.13,2.35,3.5,3.3,2.29,3.34,3.19,2.1,1.72,2.05,1.85,2.13,1.86,2.04,1.78,-0.25,2,1.9,1.99,1.93,2.03,1.96,1.97,1.89,2.15,3.5,3.3,2.2,3.4,3.3,2.25,3.1,3.35,2.23,3.46,3.52,2.15,3.4,3.4,2.15,3.4,3.4,2.3,3.58,3.53,2.2,3.37,3.37,2,1.8,2.05,1.86,2.12,1.92,2.01,1.8,-0.25,1.87,2.03,1.91,2.01,1.95,2.05,1.9,1.97
SP1,27/09/2020,13:00,Eibar,Ath Bilbao,1,2,A,0,1,A,7,9,1,5,15,12,5,4,1,0,0,0,3,3,2.55,3.1,2.95,2.6,3.05,2.75,2.65,3.17,2.98,2.69,3,3,2.6,3,2.9,2.63,3.17,3.11,2.74,3.04,2.94,2.63,2.75,1.44,2.88,1.47,2.88,1.5,2.71,1.45,0,2.1,1.8,2.14,1.81,2.14,1.85,2.07,1.8,3.5,2.9,2.3,3.4,2.9,2.45,3.55,2.7,2.4,3.7,2.95,2.42,3.5,2.88,2.4,3.5,2.9,2.38,3.74,3.02,2.57,3.51,2.88,2.39,3.2,1.36,3.05,1.42,3.27,1.46,2.89,1.4,0.25,1.9,2,1.9,2.02,1.94,2.06,1.87,2
SP1,27/09/2020,15:00,Ath Madrid,Granada,6,1,H,1,0,H,17,11,10,6,16,14,1,1,3,1,0,0,1.5,4,7.5,1.5,4.2,7,1.55,3.65,7.25,1.48,4.2,8.13,1.5,3.9,8,1.5,3.8,7.5,1.55,4.25,8.2,1.5,4,7.49,2.3,1.61,2.42,1.62,2.45,1.66,2.34,1.59,-1,1.96,1.94,1.95,1.97,2.01,1.97,1.92,1.93,1.4,4.33,8.5,1.44,4.2,8.75,1.4,4.4,10,1.42,4.45,10.41,1.4,4.2,10,1.44,4.2,8.5,1.46,4.5,10.6,1.42,4.3,9.07,2.2,1.66,2.3,1.68,2.33,1.76,2.24,1.65,-1.25,2.14,1.77,2.16,1.8,2.19,1.83,2.1,1.79
SP1,27/09/2020,17:30,Cadiz,Sevilla,1,3,A,0,0,D,12,14,5,5,9,14,6,5,4,2,0,0,5,3.6,1.7,5.25,3.4,1.78,5.5,3.15,1.77,5.52,3.38,1.83,5.5,3.4,1.75,5.25,3.4,1.75,5.7,3.6,1.86,5.24,3.36,1.78,2.5,1.53,2.64,1.54,2.64,1.62,2.49,1.53,0.75,1.83,2.07,1.83,2.11,1.91,2.11,1.81,2.05,5.5,3.6,1.66,6.25,3.5,1.65,5.25,3.45,1.75,5.9,3.48,1.76,5.8,3.4,1.7,5.5,3.4,1.73,6.35,3.7,1.79,5.64,3.45,1.72,2.62,1.5,2.76,1.5,2.76,1.58,2.57,1.5,0.75,1.89,2.01,1.91,2.02,2,2.04,1.89,1.97
SP1,27/09/2020,17:30,Valladolid,Celta,1,1,D,0,1,A,10,5,4,1,26,18,4,1,3,4,0,0,2.8,3,2.7,2.85,2.9,2.8,2.9,2.7,2.8,2.96,2.94,2.81,3,2.8,2.8,2.88,2.9,2.75,3.03,3,2.9,2.9,2.89,2.77,3,1.4,2.87,1.46,3,1.47,2.78,1.43,0,1.99,1.91,2.01,1.9,2.02,1.95,1.97,1.89,3.4,2.9,2.4,3.2,2.85,2.6,3.4,2.7,2.45,3.57,2.93,2.5,3.5,2.8,2.45,3.4,2.9,2.4,3.58,2.98,2.68,3.39,2.87,2.46,3,1.4,2.89,1.45,3,1.53,2.73,1.45,0.25,1.84,2.06,1.85,2.08,1.94,2.11,1.83,2.04
SP1,27/09/2020,20:00,Barcelona,Villarreal,4,0,H,4,0,H,17,5,9,1,9,10,8,4,0,1,0,0,1.53,4.33,6,1.53,4.5,5.75,1.57,4.3,5.25,1.56,4.53,5.77,1.52,4.4,6,1.5,4.6,5.75,1.6,4.8,6.4,1.54,4.49,5.73,1.5,2.62,1.51,2.72,1.53,2.72,1.49,2.57,-1,1.89,2.01,1.93,1.99,1.93,2.06,1.87,1.99,1.5,4.75,6,1.5,4.6,6,1.57,4.6,5,1.54,4.78,5.95,1.5,4.6,6,1.5,4.8,5.5,1.58,5,6.6,1.52,4.71,5.71,1.36,3.2,1.39,3.19,1.43,3.23,1.37,3.04,-1,1.82,2.08,1.85,2.09,1.89,2.17,1.81,2.07
SP1,29/09/2020,18:00,Sociedad,Valencia,0,1,A,0,0,D,11,9,3,5,16,15,9,3,1,5,0,0,1.53,4.2,5.75,1.53,4.25,6.25,1.63,4.2,5,1.58,4.44,5.94,1.53,4.2,6.5,1.55,4.2,5.75,1.63,4.55,6.6,1.56,4.29,5.86,1.8,2,1.81,2.1,1.91,2.13,1.8,2.03,-1,2.01,1.89,2.02,1.9,2.05,1.99,1.98,1.89,1.5,4.33,6,1.53,4.4,5.75,1.55,4.4,5.75,1.51,4.53,6.94,1.5,4.33,6.5,1.5,4.4,6.5,1.55,4.7,7.3,1.5,4.42,6.41,1.72,2.1,1.77,2.16,1.82,2.26,1.73,2.11,-1,1.83,2.07,1.86,2.07,1.89,2.12,1.83,2.04
SP1,29/09/2020,20:30,Getafe,Betis,3,0,H,3,0,H,8,10,4,2,15,17,1,4,4,4,0,1,2.45,3.1,3,2.6,2.9,3.1,2.5,2.85,3.1,2.55,3.15,3.2,2.55,3,3.1,2.5,3.13,3,2.61,3.19,3.31,2.51,3.07,3.11,2.5,1.53,2.49,1.6,2.52,1.62,2.42,1.57,-0.25,2.13,1.78,2.16,1.8,2.17,1.81,2.12,1.77,2.3,3,3.5,2.45,3,3.2,2.45,3,3.3,2.41,3.05,3.59,2.45,3,3.25,2.4,3,3.3,2.49,3.11,3.6,2.39,2.99,3.39,2.5,1.53,2.59,1.55,2.65,1.58,2.53,1.52,-0.25,2.03,1.87,2.02,1.91,2.14,1.93,2.02,1.85
SP1,30/09/2020,18:00,Huesca,Ath Madrid,0,0,D,0,0,D,9,16,3,2,13,10,5,7,1,0,0,0,7.5,4.2,1.45,7.75,4,1.5,8,3.85,1.5,8.59,4.11,1.48,8.5,3.9,1.47,8,4.1,1.45,9.1,4.25,1.52,8.01,4.05,1.48,2.2,1.66,2.24,1.71,2.31,1.73,2.2,1.67,1,2.05,1.85,2.08,1.84,2.09,1.88,2.02,1.83,7,4,1.53,7.25,4,1.5,6.75,3.65,1.57,7,4,1.58,7,3.75,1.55,6.5,3.9,1.55,7.56,4.06,1.6,6.77,3.85,1.56,2.3,1.61,2.34,1.66,2.37,1.76,2.23,1.65,1,1.82,2.11,1.83,2.11,1.9,2.12,1.82,2.04
SP1,30/09/2020,18:00,Villarreal,Alaves,3,1,H,2,1,H,10,8,6,3,11,13,2,0,0,2,0,0,1.57,3.8,5.75,1.62,3.7,6.25,1.63,3.7,5.75,1.6,4.11,6.08,1.6,3.9,6,1.6,3.9,5.75,1.66,4.15,6.3,1.61,3.9,5.84,2,1.8,2.05,1.85,2.08,1.87,2.02,1.79,-1,2.05,1.75,2.15,1.78,2.17,1.81,2.1,1.77,1.53,4.2,6,1.5,4.25,6.75,1.6,4,6,1.56,4.2,6.79,1.53,4,6.5,1.53,4.2,6,1.63,4.31,7,1.55,4.1,6.21,1.9,2,1.91,2,1.94,2.05,1.88,1.93,-1,2,1.9,2.01,1.92,2.09,1.95,1.97,1.88
SP1,30/09/2020,20:30,Eibar,Elche,0,1,A,0,1,A,12,5,4,2,9,14,3,2,2,2,0,0,1.8,3.5,4.5,1.83,3.7,4.33,1.83,3.2,4.8,1.84,3.64,4.67,1.83,3.5,4.6,1.8,3.4,4.8,1.88,3.7,4.89,1.83,3.5,4.63,2.5,1.53,2.46,1.6,2.5,1.63,2.41,1.57,-0.5,1.83,2.07,1.84,2.08,1.85,2.12,1.82,2.04,1.72,3.5,5.25,1.75,3.4,5.35,1.73,3.3,5.75,1.73,3.63,5.86,1.7,3.6,5.5,1.67,3.6,5.75,1.77,3.76,6,1.7,3.53,5.57,2.37,1.57,2.44,1.61,2.47,1.7,2.36,1.58,-0.75,1.94,1.99,1.97,1.95,2.01,2,1.93,1.93
SP1,30/09/2020,20:30,Real Madrid,Valladolid,1,0,H,0,0,D,15,11,5,5,11,7,4,7,2,1,0,0,1.22,6,11,1.26,6,11.5,1.27,6,10,1.26,6.27,12.65,1.24,6,13,1.25,6,11.5,1.29,6.7,14,1.26,6.04,11.55,1.57,2.37,1.61,2.44,1.66,2.5,1.59,2.36,-1.75,2.05,1.85,2.05,1.87,2.06,1.9,2.01,1.85,1.22,6.5,12,1.22,6.5,13.5,1.25,6.25,12,1.23,6.72,13.83,1.2,6.5,15,1.2,6.5,15,1.26,7.2,16,1.23,6.42,13.32,1.61,2.3,1.63,2.38,1.67,2.48,1.59,2.34,-1.75,1.93,2,1.93,1.97,1.99,2.08,1.9,1.97
SP1,01/10/2020,18:00,Ath Bilbao,Cadiz,0,1,A,0,0,D,13,3,4,1,15,16,5,2,3,5,0,2,1.53,3.8,6.5,1.55,3.8,7.25,1.6,3.45,7,1.58,3.83,7.04,1.6,3.6,7,1.55,3.7,7,1.64,3.95,7.3,1.57,3.73,6.82,2.5,1.53,2.6,1.54,2.65,1.58,2.51,1.52,-0.75,1.72,2.07,1.77,2.17,1.84,2.2,1.76,2.11,1.61,3.5,6.5,1.62,3.5,6.75,1.73,3.15,6,1.74,3.41,6.38,1.67,3.4,6.5,1.73,3.3,5.75,1.76,3.59,7.17,1.7,3.37,6.17,3,1.4,2.94,1.44,3,1.5,2.77,1.44,-0.75,2,1.93,2.02,1.91,2.05,2.02,1.97,1.9
SP1,01/10/2020,18:00,Sevilla,Levante,1,0,H,0,0,D,16,3,2,1,14,17,2,4,5,2,0,0,1.4,4.5,7.5,1.42,4.6,8,1.45,4.4,7,1.43,4.62,8.17,1.44,4.5,7.5,1.44,4.5,7,1.49,4.9,8.17,1.44,4.59,7.25,1.72,2.1,1.7,2.25,1.76,2.27,1.68,2.17,-1.25,2.04,1.86,2.03,1.89,2.08,1.92,2,1.85,1.5,4.5,6,1.5,4.4,6.25,1.5,4.6,6,1.48,4.62,7.39,1.47,4.33,7,1.5,4.5,6,1.51,4.75,7.39,1.48,4.51,6.53,1.57,2.37,1.6,2.47,1.64,2.55,1.58,2.37,-1,1.82,2.11,1.81,2.14,1.87,2.19,1.78,2.09
SP1,01/10/2020,20:30,Celta,Barcelona,0,3,A,0,1,A,10,6,3,3,22,10,3,7,5,5,0,1,5.75,4.2,1.53,5.5,4.1,1.6,5.75,4.2,1.57,5.89,4.51,1.56,6,4.33,1.53,5.75,4.4,1.53,6.25,4.7,1.6,5.76,4.4,1.55,1.61,2.3,1.62,2.41,1.68,2.46,1.61,2.31,1,1.99,1.91,2,1.92,2.03,1.98,1.97,1.89,6,4.75,1.45,5.5,4.6,1.53,5.5,4.8,1.53,6.58,5.13,1.47,7,4.6,1.44,6.5,4.75,1.45,7.4,5.15,1.53,6.36,4.85,1.46,1.53,2.5,1.51,2.69,1.92,2.69,1.54,2.48,1.25,1.89,2.04,1.88,2.05,2,2.1,1.86,2.01
SP1,03/10/2020,12:00,Valladolid,Eibar,1,2,A,1,1,D,9,11,3,5,11,21,3,4,2,3,0,1,2.35,3,3.4,2.4,3,3.3,2.4,2.85,3.35,2.39,3.15,3.48,2.35,3.1,3.3,2.38,3.1,3.2,2.44,3.26,3.55,2.37,3.07,3.33,2.5,1.53,2.6,1.55,2.62,1.58,2.51,1.53,-0.25,2.05,1.88,2.02,1.9,2.08,1.94,2,1.86,2,3,4.33,2.15,3.1,3.75,2.15,2.75,4.2,2.13,3.1,4.34,2.1,3,4.2,2.1,3,4.1,2.25,3.15,4.6,2.07,3.02,4.25,3.2,1.36,3.04,1.42,3.2,1.45,2.89,1.4,-0.25,1.68,2.15,1.79,2.15,1.85,2.24,1.75,2.15
SP1,03/10/2020,15:00,Ath Madrid,Villarreal,0,0,D,0,0,D,14,6,1,2,11,7,9,1,1,2,0,0,1.61,3.9,5.5,1.7,3.75,5.25,1.73,3.55,5.25,1.7,3.85,5.6,1.67,3.7,5.5,1.67,3.75,5.25,1.73,3.96,5.95,1.68,3.75,5.39,1.9,1.9,2.01,1.89,2.05,1.94,1.97,1.84,-0.75,1.91,2.02,1.93,1.99,1.97,2.04,1.87,1.99,1.57,4,5.75,1.57,4.1,5.75,1.6,3.85,5.75,1.59,4.16,6.41,1.55,4,6.5,1.6,4.1,5.5,1.62,4.3,6.75,1.58,4.03,5.97,1.8,2,1.85,2.06,1.91,2.15,1.81,2,-1,2.08,1.85,2.07,1.86,2.1,1.94,2.02,1.84
SP1,03/10/2020,17:30,Elche,Huesca,0,0,D,0,0,D,2,18,0,4,8,26,0,5,0,2,0,0,3.1,3.1,2.45,3.1,3.1,2.45,3.15,2.95,2.45,3.21,3.27,2.47,3.2,3.1,2.4,3,3.13,2.5,3.23,3.27,2.52,3.11,3.13,2.44,2.5,1.53,2.55,1.57,2.57,1.6,2.46,1.55,0.25,1.82,2.11,1.84,2.1,1.85,2.17,1.79,2.08,3.8,3.2,2.05,3.9,3.2,2.1,3.95,2.9,2.15,4.05,3.26,2.13,3.9,3.25,2.05,3.9,3.2,2.05,4.05,3.3,2.21,3.88,3.17,2.1,2.5,1.53,2.57,1.56,2.75,1.57,2.51,1.52,0.25,2.05,1.75,2.13,1.81,2.17,1.83,2.07,1.8
SP1,03/10/2020,17:30,Sociedad,Getafe,3,0,H,1,0,H,11,5,6,1,21,13,5,4,3,3,0,0,2.25,3.1,3.5,2.35,3.1,3.3,2.35,2.85,3.45,2.35,3.13,3.61,2.3,3,3.5,2.3,3.1,3.4,2.38,3.18,3.71,2.31,3.06,3.44,2.5,1.53,2.57,1.56,2.59,1.59,2.48,1.53,-0.25,1.99,1.94,1.98,1.94,2.02,1.98,1.96,1.9,2.05,3,4.33,2,3.1,4.33,2.1,2.85,4.2,2.11,3.12,4.39,2.05,3,4.33,2.05,3.13,4,2.15,3.2,4.48,2.07,3.05,4.19,2.75,1.44,2.81,1.49,2.81,1.51,2.66,1.46,-0.5,2.09,1.84,2.11,1.83,2.13,1.87,2.08,1.8
SP1,03/10/2020,20:00,Valencia,Betis,0,2,A,0,1,A,5,17,2,8,11,14,4,7,2,2,0,0,2.8,3.2,2.6,2.65,3.3,2.7,2.75,3.05,2.65,2.82,3.36,2.7,2.75,3.25,2.62,2.7,3.3,2.63,2.86,3.42,2.7,2.75,3.26,2.64,2.1,1.72,2.06,1.85,2.19,1.85,2.04,1.77,0,2.02,1.91,2.01,1.92,2.04,1.94,1.98,1.88,3.1,3.4,2.3,3,3.5,2.3,3.05,3.25,2.35,3.04,3.73,2.35,3.1,3.5,2.25,3.1,3.5,2.25,3.2,3.73,2.44,3.04,3.49,2.31,1.8,2,1.8,2.11,1.88,2.15,1.78,2.03,0.25,1.9,2.03,1.88,2.04,1.92,2.05,1.87,2
SP1,04/10/2020,11:00,Osasuna,Celta,2,0,H,1,0,H,14,9,5,3,19,10,6,5,3,3,0,0,2.7,3.1,2.75,2.75,2.95,2.85,2.65,2.9,2.9,2.69,3.14,3.02,2.62,3.1,2.88,2.6,3.1,2.75,2.8,3.34,3.07,2.66,3.08,2.88,2.3,1.61,2.39,1.64,2.4,1.7,2.29,1.62,0,1.88,2.05,1.85,2.08,1.91,2.08,1.86,2.01,2.8,3,2.62,2.8,2.95,2.8,2.95,2.75,2.7,3.11,2.96,2.76,2.9,3,2.7,2.9,3.1,2.6,3.17,3.18,2.83,2.95,2.95,2.7,2.5,1.53,2.54,1.57,2.56,1.61,2.44,1.55,0,2.09,1.84,2.09,1.85,2.16,1.91,2.05,1.83
SP1,04/10/2020,13:00,Alaves,Ath Bilbao,1,0,H,0,0,D,8,8,3,0,20,17,0,6,2,3,1,0,3.3,2.9,2.37,3.3,3,2.4,3.3,2.95,2.45,3.42,3.02,2.51,3.3,3,2.4,3.3,2.9,2.38,3.54,3.15,2.51,3.35,2.95,2.43,3,1.4,2.93,1.44,3,1.46,2.82,1.42,0.25,1.85,2.08,1.83,2.11,1.9,2.11,1.82,2.04,3.6,2.9,2.3,3.6,2.95,2.3,3.6,2.95,2.35,3.8,2.99,2.36,3.7,2.9,2.3,3.6,3,2.25,3.85,3.08,2.4,3.66,2.93,2.3,3.2,1.36,3.03,1.42,3.2,1.46,2.91,1.4,0.25,1.93,2,1.95,1.97,1.97,2.01,1.92,1.94
SP1,04/10/2020,15:00,Levante,Real Madrid,0,2,A,0,1,A,11,13,4,3,14,8,4,6,2,1,0,0,6,4.5,1.5,6,4.6,1.5,6,4.4,1.53,6.45,4.66,1.52,6,4.5,1.5,5.75,4.4,1.5,6.55,5.05,1.55,6,4.57,1.51,1.53,2.5,1.52,2.67,1.57,2.67,1.51,2.51,1,2.02,1.77,2.1,1.82,2.13,1.87,2.05,1.81,5.75,4.75,1.5,6,4.6,1.5,5.5,4.3,1.55,6.1,4.8,1.53,6,4.5,1.5,5.75,4.6,1.5,7.2,4.85,1.56,5.94,4.58,1.52,1.53,2.5,1.55,2.61,1.55,2.69,1.51,2.51,1,2.07,1.86,2.06,1.87,2.16,1.9,2.03,1.83
SP1,04/10/2020,17:30,Cadiz,Granada,1,1,D,0,1,A,14,13,4,5,16,16,2,5,2,2,0,0,3,3,2.6,2.95,3,2.65,3.05,2.75,2.65,3.14,3.02,2.69,3,3,2.6,2.88,3,2.6,3.14,3.15,2.74,3,2.96,2.64,2.75,1.44,2.8,1.49,2.83,1.5,2.68,1.46,0,2.08,1.85,2.13,1.82,2.13,1.88,2.05,1.81,3.1,2.87,2.6,3.1,2.85,2.65,3.15,2.8,2.65,3.2,2.86,2.78,3.2,2.8,2.62,3.13,2.9,2.55,3.33,2.97,2.83,3.15,2.82,2.65,3.2,1.36,3.13,1.4,3.2,1.42,2.99,1.38,0.25,1.68,2.15,1.7,2.29,1.8,2.3,1.71,2.21
SP1,04/10/2020,20:00,Barcelona,Sevilla,1,1,D,1,1,D,12,13,5,1,11,18,6,5,1,1,0,0,1.57,4.33,5.25,1.62,4.1,5.25,1.63,4,5,1.65,4.17,5.55,1.6,4.2,5.5,1.57,4.2,5,1.66,4.45,5.7,1.62,4.22,5.18,1.53,2.5,1.6,2.48,1.6,2.58,1.54,2.45,-1,2.06,1.87,2.1,1.84,2.1,1.9,2.03,1.84,1.6,4.2,5,1.65,4.25,4.75,1.65,4,4.8,1.67,4.28,5.18,1.62,4.2,5.25,1.62,4.33,4.75,1.69,4.5,5.4,1.64,4.24,4.95,1.53,2.5,1.53,2.65,1.54,2.69,1.51,2.53,-0.75,1.86,2.07,1.85,2.08,1.89,2.14,1.82,2.06
SP1,17/10/2020,12:00,Granada,Sevilla,1,0,H,0,0,D,13,8,3,3,16,11,5,1,4,4,0,1,4.2,3.4,1.9,4.1,3.5,1.91,4.2,3.15,1.95,4.3,3.49,1.98,4.4,3.3,1.91,4.1,3.4,1.93,4.6,3.55,2.02,4.23,3.4,1.94,2.2,1.66,2.3,1.68,2.3,1.76,2.21,1.67,0.5,1.96,1.97,1.94,1.98,1.98,1.98,1.92,1.95,4,3.25,2.05,3.8,3.2,2.1,3.95,3.25,2.1,4.17,3.28,2.09,4.2,3.1,2.05,4,3.3,2,4.33,3.41,2.15,3.96,3.23,2.06,2.5,1.53,2.47,1.6,2.53,1.69,2.37,1.59,0.5,1.84,2.09,1.85,2.09,1.87,2.15,1.81,2.09
SP1,17/10/2020,15:00,Celta,Ath Madrid,0,2,A,0,1,A,15,9,5,4,16,18,8,4,3,4,0,0,5.5,3.3,1.75,5.5,3.25,1.78,5.25,3.15,1.8,5.72,3.31,1.83,5.5,3.3,1.78,5,3.5,1.75,5.75,3.5,1.85,5.34,3.35,1.78,2.5,1.53,2.49,1.59,2.52,1.63,2.4,1.57,0.75,1.86,2.07,1.84,2.1,1.89,2.1,1.83,2.03,5,3.5,1.75,4.75,3.5,1.8,4.9,3.15,1.85,5.44,3.64,1.76,5,3.3,1.83,5,3.4,1.8,5.51,3.64,1.87,4.98,3.42,1.8,2.37,1.57,2.45,1.61,2.58,1.62,2.41,1.56,0.75,1.9,2.03,1.89,2.03,1.92,2.17,1.82,2.06
SP1,17/10/2020,17:30,Real Madrid,Cadiz,0,1,A,0,1,A,14,14,2,5,7,5,4,11,2,0,0,0,1.18,7,15,1.22,6.75,12,1.25,6,13,1.23,7.08,13.52,1.2,6.5,15,1.2,6.5,15,1.25,7.2,17,1.22,6.64,13.22,1.61,2.3,1.63,2.39,1.68,2.46,1.6,2.33,-1.75,1.95,1.98,1.92,1.99,1.96,2.02,1.9,1.97,1.22,6,14,1.25,6,11.5,1.27,6,11,1.27,6.52,12.28,1.24,6,13,1.22,6,13,1.3,6.6,16,1.25,6.13,11.95,1.61,2.3,1.66,2.34,1.72,2.47,1.63,2.29,-1.5,1.87,2.06,1.87,2.06,1.91,2.15,1.82,2.06
SP1,17/10/2020,20:00,Getafe,Barcelona,1,0,H,0,0,D,9,7,4,1,20,10,7,2,4,3,0,0,4.75,3.8,1.72,5,3.7,1.72,4.8,3.5,1.77,5.09,3.75,1.78,5.25,3.6,1.73,4.8,3.75,1.73,5.45,3.84,1.8,4.88,3.7,1.75,1.9,1.9,2.02,1.88,2.04,1.96,1.94,1.87,0.75,1.94,1.99,1.92,2.01,1.99,2.01,1.9,1.96,5,3.6,1.7,5,3.7,1.72,4.9,3.7,1.73,5.07,3.87,1.76,5,3.8,1.7,5,3.8,1.7,5.56,4.1,1.78,4.98,3.74,1.73,2.01,1.89,2,1.9,2.07,1.96,1.96,1.85,0.75,1.94,1.99,1.93,1.99,2.03,2,1.94,1.93
SP1,18/10/2020,11:00,Eibar,Osasuna,0,0,D,0,0,D,10,8,6,2,14,14,6,7,2,3,0,1,2.6,3,3,2.6,3,3,2.65,2.8,2.95,2.71,3.12,3.01,2.6,3,3,2.5,3,3,2.72,3.2,3.1,2.62,3.03,2.98,2.5,1.53,2.67,1.53,2.67,1.54,2.56,1.5,0,1.82,2.11,1.86,2.07,1.88,2.13,1.81,2.06,2.75,2.87,2.9,2.9,2.75,2.9,2.9,2.65,2.9,2.94,2.84,3.04,2.8,2.88,2.9,2.8,2.9,2.8,3,3.09,3.13,2.83,2.83,2.93,2.75,1.44,2.82,1.48,2.82,1.51,2.68,1.46,0,1.91,2.02,1.93,1.99,1.96,2.03,1.9,1.98
SP1,18/10/2020,13:00,Ath Bilbao,Levante,2,0,H,0,0,D,14,6,5,1,11,10,9,3,3,1,0,0,2.05,3.2,4,2.1,3.2,3.9,2.1,3.1,3.8,2.12,3.36,3.95,2.05,3.3,3.8,2,3.25,3.8,2.17,3.48,4,2.07,3.29,3.82,2.2,1.66,2.28,1.69,2.38,1.7,2.25,1.64,-0.25,1.73,2.08,1.8,2.13,1.86,2.2,1.77,2.11,2.05,3.4,3.6,2.1,3.3,3.7,2.1,3.2,3.6,2.15,3.46,3.73,2.05,3.4,3.75,2.05,3.5,3.6,2.16,3.6,3.94,2.08,3.42,3.64,1.9,1.9,1.96,1.94,2.04,2.05,1.93,1.87,-0.25,1.75,2.05,1.85,2.09,1.85,2.19,1.79,2.08
SP1,18/10/2020,15:00,Villarreal,Valencia,2,1,H,1,1,D,16,11,6,3,13,8,3,7,4,1,1,0,1.6,4,5.25,1.65,4,5.25,1.65,3.8,5,1.66,4.27,5.3,1.62,4,5.5,1.62,4,4.8,1.71,4.33,5.5,1.65,4.03,5.04,1.72,2.1,1.74,2.2,1.83,2.21,1.72,2.11,-0.75,1.87,2.06,1.84,2.1,1.91,2.1,1.85,2.02,1.6,4.2,5.75,1.62,4.1,5.25,1.73,4.1,4.5,1.68,4.12,5.41,1.6,4.2,5.5,1.6,4.2,5.25,1.73,4.23,5.75,1.64,4.09,5.29,1.72,2.1,1.74,2.2,1.76,2.26,1.7,2.14,-0.75,1.84,2.09,1.85,2.08,1.92,2.13,1.82,2.06
SP1,18/10/2020,17:30,Alaves,Elche,0,2,A,0,1,A,13,7,2,3,11,11,2,6,2,5,0,0,1.75,3.3,5.5,1.75,3.4,5.5,1.77,3.1,5.5,1.79,3.5,5.59,1.8,3.3,5.25,1.75,3.25,5.25,1.85,3.5,5.61,1.77,3.36,5.29,2.75,1.44,2.72,1.51,2.79,1.51,2.64,1.46,-0.75,2.07,1.86,2.09,1.85,2.11,1.89,2.04,1.83,1.83,3.3,4.75,1.83,3.2,5.25,1.85,3,5.25,1.88,3.31,5.24,1.83,3.2,5.25,1.8,3.3,5,1.9,3.39,5.55,1.83,3.25,5.09,2.62,1.5,2.71,1.51,2.74,1.56,2.62,1.48,-0.5,1.85,2.08,1.88,2.04,1.9,2.11,1.83,2.05
SP1,18/10/2020,17:30,Huesca,Valladolid,2,2,D,0,1,A,12,5,7,3,14,24,3,1,1,2,0,0,2.25,2.9,3.8,2.25,3,3.7,2.3,2.8,3.65,2.32,3.12,3.71,2.2,3,3.75,2.25,2.9,3.6,2.36,3.15,3.9,2.25,2.99,3.69,3.2,1.36,3.01,1.43,3.2,1.43,2.94,1.39,-0.25,1.96,1.97,1.95,1.97,1.98,2.01,1.91,1.94,2.1,3,4,2.2,2.9,4,2.15,2.75,4.1,2.17,3.03,4.3,2.05,3,4.33,2.1,3,4.1,2.25,3.13,4.37,2.15,2.97,4.08,3,1.4,2.98,1.43,3.17,1.46,2.88,1.41,-0.25,1.82,2.11,1.82,2.12,1.86,2.14,1.8,2.09
SP1,18/10/2020,20:00,Betis,Sociedad,0,3,A,0,1,A,7,8,1,5,11,18,6,2,2,1,0,0,2.5,3.25,2.9,2.45,3.5,2.8,2.5,3.2,2.8,2.54,3.56,2.87,2.45,3.5,2.8,2.4,3.5,2.75,2.54,3.64,3,2.47,3.44,2.83,1.9,1.9,1.89,2.01,1.93,2.02,1.86,1.94,0,1.83,2.1,1.85,2.09,1.85,2.13,1.81,2.07,2.75,3.4,2.45,2.7,3.3,2.65,2.8,3.1,2.6,2.93,3.29,2.65,2.8,3.3,2.55,2.7,3.4,2.55,2.96,3.54,2.72,2.79,3.31,2.59,1.93,1.97,1.93,1.97,1.98,2.05,1.87,1.95,0,2.07,1.86,2.07,1.87,2.09,1.93,2.02,1.86
SP1,23/10/2020,20:00,Elche,Valencia,2,1,H,2,0,H,3,14,2,4,15,8,0,7,3,2,0,0,3.2,3.1,2.4,3.3,3.25,2.3,3.15,2.95,2.45,3.2,3.24,2.46,3.2,3.1,2.4,3.1,3.2,2.38,3.31,3.3,2.47,3.17,3.18,2.4,2.3,1.61,2.33,1.65,2.4,1.71,2.27,1.64,0.25,1.84,2.09,1.83,2.09,1.86,2.12,1.83,2.05,3.3,3.3,2.25,3.3,3.2,2.3,3.4,2.9,2.35,3.52,3.28,2.31,3.5,3.1,2.25,3.4,3.2,2.25,3.58,3.36,2.44,3.37,3.18,2.28,2.37,1.57,2.47,1.6,2.53,1.68,2.38,1.58,0.25,1.93,2,1.96,1.96,1.97,2.01,1.91,1.96
SP1,24/10/2020,15:00,Barcelona,Real Madrid,1,3,A,1,1,D,10,15,4,9,11,13,7,7,3,2,0,0,2,3.6,3.6,2.05,3.5,3.6,2.05,3.5,3.5,2.07,3.76,3.66,2,3.7,3.6,2,3.75,3.4,2.11,3.86,3.75,2.03,3.66,3.55,1.66,2.2,1.67,2.32,1.73,2.34,1.66,2.22,-0.5,2.05,1.88,2.07,1.87,2.08,1.9,2.02,1.84,1.85,3.9,3.9,1.91,3.75,3.8,2,3.6,3.65,1.89,4.03,4.15,1.85,3.9,3.9,1.85,3.9,3.9,2,4.12,4.2,1.88,3.87,3.93,1.44,2.75,1.45,2.88,1.54,2.89,1.46,2.67,-0.5,1.87,2.06,1.89,2.06,1.95,2.08,1.88,1.99
SP1,24/10/2020,17:30,Osasuna,Ath Bilbao,1,0,H,0,0,D,7,13,2,5,18,10,2,5,3,2,0,0,3.25,2.9,2.4,3.3,2.9,2.5,3.3,2.75,2.5,3.42,3,2.52,3.25,3,2.45,3.1,3,2.5,3.45,3.2,2.58,3.28,2.95,2.47,2.75,1.44,2.84,1.48,2.88,1.48,2.74,1.44,0.25,1.81,2.13,1.83,2.11,1.83,2.14,1.79,2.09,3.25,3,2.4,3.3,2.9,2.5,3.25,2.75,2.5,3.41,3.03,2.51,3.25,2.9,2.5,3.13,3,2.5,3.48,3.16,2.6,3.24,2.97,2.48,2.5,1.53,2.61,1.55,2.75,1.57,2.55,1.51,0.25,1.82,2.11,1.83,2.11,1.84,2.16,1.79,2.1
SP1,24/10/2020,17:30,Sevilla,Eibar,0,1,A,0,1,A,21,3,3,1,11,12,13,3,0,3,0,0,1.45,4.33,7.5,1.48,4.4,7,1.53,3.9,7,1.51,4.35,7.64,1.47,4.2,7.5,1.45,4.2,8,1.54,4.69,8.3,1.48,4.26,7.31,2,1.8,2.13,1.78,2.15,1.87,2.02,1.79,-1,1.86,2.07,1.88,2.04,1.88,2.14,1.81,2.04,1.6,3.8,6,1.62,3.75,6,1.63,3.45,6.25,1.6,3.99,6.68,1.57,3.75,7,1.55,3.75,7,1.65,4.1,7.3,1.6,3.78,6.41,2.3,1.61,2.4,1.63,2.46,1.7,2.32,1.61,-1,2.09,1.84,2.11,1.83,2.17,1.87,2.09,1.79
SP1,24/10/2020,20:00,Ath Madrid,Betis,2,0,H,0,0,D,13,12,6,3,19,12,8,5,2,0,0,1,1.55,3.8,6.5,1.6,3.8,6.25,1.6,3.7,6,1.59,4.1,6.56,1.57,3.9,6.5,1.57,4,6,1.63,4.2,6.65,1.58,3.98,6.18,2.1,1.72,2.1,1.81,2.17,1.85,2.07,1.76,-1,2.09,1.84,2.12,1.83,2.13,1.87,2.05,1.83,1.61,3.8,5.75,1.62,3.9,5.75,1.67,3.55,5.75,1.68,3.85,5.87,1.63,3.7,6,1.65,3.75,5.5,1.73,3.95,6.25,1.66,3.77,5.61,2.1,1.72,2.12,1.79,2.18,1.84,2.07,1.75,-0.75,1.89,2.04,1.9,2.02,1.92,2.07,1.87,2
SP1,25/10/2020,13:00,Valladolid,Alaves,0,2,A,0,0,D,5,14,1,4,9,7,2,4,1,0,1,0,2.3,2.9,3.5,2.35,2.85,3.7,2.4,2.7,3.6,2.41,2.96,3.73,2.35,3,3.5,2.3,2.88,3.5,2.41,3.09,3.77,2.35,2.89,3.6,3.2,1.36,3.12,1.4,3.2,1.42,3.01,1.37,-0.25,2.02,1.91,2.01,1.92,2.02,1.95,1.98,1.89,2.45,2.87,3.3,2.45,2.8,3.5,2.5,2.7,3.35,2.5,3.02,3.44,2.45,3,3.3,2.5,2.9,3.2,2.55,3.16,3.68,2.46,2.91,3.36,2.62,1.5,2.73,1.51,2.76,1.53,2.65,1.47,-0.25,2.1,1.83,2.09,1.85,2.13,1.86,2.07,1.81
SP1,25/10/2020,15:00,Cadiz,Villarreal,0,0,D,0,0,D,5,7,0,2,15,7,0,5,2,2,0,0,3.6,3.3,2.1,3.7,3.2,2.15,3.55,3.05,2.2,3.6,3.39,2.23,3.6,3.2,2.2,3.7,3.2,2.05,3.85,3.39,2.26,3.6,3.24,2.16,2.3,1.61,2.4,1.63,2.45,1.66,2.34,1.59,0.25,2.04,1.89,2.02,1.9,2.11,1.9,2.02,1.84,3.75,3.3,2.05,3.7,3.2,2.15,3.75,3.05,2.1,3.79,3.51,2.11,3.7,3.25,2.1,3.7,3.3,2.1,4.1,3.51,2.16,3.69,3.31,2.1,2.3,1.61,2.35,1.66,2.39,1.7,2.29,1.62,0.25,2.09,1.84,2.12,1.81,2.15,1.84,2.07,1.81
SP1,25/10/2020,17:30,Getafe,Granada,0,1,A,0,1,A,10,5,1,2,19,23,6,1,4,2,0,0,1.85,3.1,5,1.85,3.1,5.25,1.95,2.8,5,1.97,3.09,5.18,1.95,3,5,1.87,3,5,2.01,3.17,5.32,1.92,3.04,4.95,3.2,1.36,3.18,1.39,3.25,1.4,3.06,1.36,-0.5,1.95,1.98,1.97,1.95,1.97,2,1.93,1.93,2,3,4.5,2,3,4.6,2.05,2.8,4.6,2.02,3.07,4.93,2,3,4.75,2,3,4.5,2.05,3.12,4.95,1.99,3,4.65,3,1.4,3.04,1.42,3.1,1.43,2.94,1.39,-0.5,2.02,1.91,2.02,1.91,2.05,1.93,2,1.87
SP1,25/10/2020,20:00,Sociedad,Huesca,4,1,H,1,0,H,13,6,6,4,12,11,4,5,2,1,0,0,1.57,3.75,6,1.62,3.75,6,1.65,3.5,6,1.65,3.84,6.34,1.63,3.7,6,1.57,3.75,6,1.69,3.94,6.35,1.63,3.76,5.96,2.2,1.66,2.19,1.75,2.26,1.76,2.16,1.7,-0.75,1.82,2.11,1.85,2.08,1.88,2.13,1.81,2.05,1.8,3.4,5,1.78,3.5,5,1.83,3.45,4.8,1.87,3.47,4.97,1.83,3.4,4.75,1.83,3.5,4.5,1.9,3.65,5.42,1.82,3.45,4.79,2.2,1.66,2.28,1.69,2.33,1.76,2.2,1.66,-0.5,1.89,2.04,1.87,2.06,1.91,2.1,1.84,2.03
SP1,26/10/2020,20:00,Levante,Celta,1,1,D,0,0,D,10,10,3,3,11,19,3,2,2,2,0,0,2.37,3.25,3,2.45,3.2,2.85,2.5,3.1,2.95,2.51,3.4,3.03,2.45,3.25,3,2.4,3.25,2.88,2.55,3.52,3.1,2.45,3.31,2.94,2.1,1.72,2.09,1.83,2.15,1.87,2.05,1.76,-0.25,2.14,1.8,2.15,1.8,2.16,1.83,2.12,1.77,2.45,3.3,2.87,2.45,3.3,2.8,2.5,3.1,2.9,2.52,3.31,3.09,2.5,3.25,2.9,2.4,3.4,2.88,2.6,3.5,3.1,2.49,3.31,2.9,1.9,1.9,1.93,1.98,2.1,2.03,1.88,1.92,-0.25,2.08,1.73,2.15,1.8,2.2,1.84,2.13,1.77
